timestamp,feature_A,feature_B,category,target
2024-01-01 00:00:00,6.500469053890605,47.89132646027273,X,1
2024-01-01 01:00:00,10.685360806655005,43.23084834171185,X,1
2024-01-01 02:00:00,12.306071605127288,51.35117776247451,X,0
2024-01-01 03:00:00,9.49512792695722,48.35746965862817,Y,1
2024-01-01 04:00:00,11.962641573902463,60.99720527820615,Y,1
2024-01-01 05:00:00,11.028437682788764,44.14263344544825,X,0
2024-01-01 06:00:00,10.4423593384428,60.326537546555194,Y,0
2024-01-01 07:00:00,7.8599133388634135,42.13175477744969,Y,1
2024-01-01 08:00:00,9.621008338353649,66.17741961423047,Y,0
2024-01-01 09:00:00,10.510002888546763,67.66861751672602,Y,0
2024-01-01 10:00:00,9.08394602899475,50.26714277801613,Y,0
2024-01-01 11:00:00,10.870326976245785,43.06124797925275,X,0
2024-01-01 12:00:00,8.83280989935467,69.75328171257546,Y,0
2024-01-01 13:00:00,11.633694143371558,37.79613008334522,X,0
2024-01-01 14:00:00,11.345441611419322,38.68501615146744,Y,1
2024-01-01 15:00:00,9.791177713218744,75.27070920782691,Y,1
2024-01-01 16:00:00,8.937439246296181,42.63185158347479,Y,1
2024-01-01 17:00:00,12.059465370266693,52.49913681046728,Y,1
2024-01-01 18:00:00,9.123728754591165,45.92798428038347,Y,0
2024-01-01 19:00:00,7.763363507489128,44.716666483410926,Y,1
2024-01-01 20:00:00,13.23796332135052,57.00045272314685,Y,1
2024-01-01 21:00:00,13.083210349026814,50.745598107105366,Y,1
2024-01-01 22:00:00,9.496241721573574,49.081919485510056,X,0
2024-01-01 23:00:00,8.315128523497405,41.8943988408263,X,1
2024-01-02 00:00:00,10.369037381127885,69.99857840457402,Y,0
2024-01-02 01:00:00,11.874164402217904,42.09527289110338,X,1
2024-01-02 02:00:00,11.462000687669617,62.72034927869276,Y,0
2024-01-02 03:00:00,12.723112250290662,51.234067094153964,Y,0
2024-01-02 04:00:00,9.347523881595395,48.552802345552394,Y,1
2024-01-02 05:00:00,10.111352029709554,50.633999271233485,X,1
2024-01-02 06:00:00,10.44479921711061,50.310479520467105,Y,0
2024-01-02 07:00:00,7.113566009549326,32.60900727148049,X,0
2024-01-02 08:00:00,8.487295388811129,50.86494056537837,X,0
2024-01-02 09:00:00,11.632908022038572,45.08954030884301,Y,1
2024-01-02 10:00:00,11.500889523068357,23.25645051452311,X,1
2024-01-02 11:00:00,9.088106145063996,56.443593624326105,Y,1
2024-01-02 12:00:00,12.379244536058252,48.54946439026102,Y,1
2024-01-02 13:00:00,6.618766347232792,58.11691051878661,Y,0
2024-01-02 14:00:00,7.287201902277374,47.55187680772216,X,0
2024-01-02 15:00:00,7.535130972170148,43.03649258089613,Y,1
2024-01-02 16:00:00,8.911121676655071,54.490988342444695,Y,0
2024-01-02 17:00:00,8.663656526373146,41.76912139004993,Y,0
2024-01-02 18:00:00,10.014629126457805,45.97504403030494,Y,0
2024-01-02 19:00:00,8.774122529043675,63.85783766454507,X,0
2024-01-02 20:00:00,12.599496149510617,55.845207431072055,Y,1
2024-01-02 21:00:00,6.533808752693438,47.51850184336312,X,1
2024-01-02 22:00:00,8.03337980174074,53.28477837814276,Y,0
2024-01-02 23:00:00,10.71501550633473,61.430734254415746,Y,0
2024-01-03 00:00:00,6.772842994355648,57.158372997438406,Y,1
2024-01-03 01:00:00,12.941427733224257,63.50801365017074,X,1
2024-01-03 02:00:00,7.623964805364562,48.26543906378396,X,0
2024-01-03 03:00:00,8.90050761292902,50.319236658900266,Y,1
2024-01-03 04:00:00,8.119907676910463,41.39629523714879,Y,1
2024-01-03 05:00:00,8.344135271268259,64.17878939857148,Y,0
2024-01-03 06:00:00,10.21772693566736,47.83638408484924,Y,0
2024-01-03 07:00:00,11.01561918098464,39.845106428833375,Y,1
2024-01-03 08:00:00,8.27554530697904,42.74024687574188,X,1
2024-01-03 09:00:00,12.498939485453958,62.27705493240708,Y,0
2024-01-03 10:00:00,9.840777508165202,38.73514536968116,X,0
2024-01-03 11:00:00,8.220537037469931,43.98297502132293,X,1
2024-01-03 12:00:00,8.236403221033965,52.66864820808953,Y,1
2024-01-03 13:00:00,10.03727789897612,39.719293175066284,Y,1
2024-01-03 14:00:00,10.475689243847244,66.2046839874561,X,0
2024-01-03 15:00:00,10.027097097257224,50.79025718968543,X,1
2024-01-03 16:00:00,6.7289412012383565,44.30426352820382,Y,0
2024-01-03 17:00:00,7.911580244581366,48.51707042605222,X,1
2024-01-03 18:00:00,11.226077763375093,48.49511939532338,Y,0
2024-01-03 19:00:00,11.472410426647647,41.12038865235354,X,1
2024-01-03 20:00:00,12.053842878799582,52.867509472520005,X,0
2024-01-03 21:00:00,7.135618777882147,52.859729425182366,Y,0
2024-01-03 22:00:00,6.317623399626566,53.07430251864655,X,0
2024-01-03 23:00:00,10.732186452334608,43.424808595490425,X,1
2024-01-04 00:00:00,9.336445729894383,48.74815162917299,X,0
2024-01-04 01:00:00,8.621564043820493,40.95834790756645,X,1
2024-01-04 02:00:00,14.069215123009867,50.797100090883134,X,1
2024-01-04 03:00:00,8.898571176170815,54.8923376483358,Y,0
2024-01-04 04:00:00,11.500906660653682,27.32123078908642,X,0
2024-01-04 05:00:00,7.386015321838362,35.636079712211924,Y,0
2024-01-04 06:00:00,11.161146671588549,55.9233942121097,X,0
2024-01-04 07:00:00,7.7909538146754125,48.74817561051254,Y,1
2024-01-04 08:00:00,11.380242940449415,44.627808491574804,X,1
2024-01-04 09:00:00,11.37378013227681,41.30043345472313,X,1
2024-01-04 10:00:00,6.866624940843218,52.09859484582678,Y,0
2024-01-04 11:00:00,11.809948242933363,43.485564158007854,X,1
2024-01-04 12:00:00,11.557644798646134,57.64415097041656,Y,1
2024-01-04 13:00:00,10.856465741193482,39.40500268845288,X,0
2024-01-04 14:00:00,10.217743979795829,47.699641934483736,X,1
2024-01-04 15:00:00,10.056567269646147,68.84706054453564,Y,1
2024-01-04 16:00:00,8.842348350418023,44.501882200175764,Y,1
2024-01-04 17:00:00,7.601097601612137,52.50697979622398,Y,0
2024-01-04 18:00:00,6.588095988523659,52.629482684151775,Y,1
2024-01-04 19:00:00,10.738327914214011,54.04929072575202,Y,1
2024-01-04 20:00:00,13.753146853924331,33.97515469836171,X,0
2024-01-04 21:00:00,9.24619329966205,49.3951698498414,X,1
2024-01-04 22:00:00,13.663872163651073,43.02469408850961,X,1
2024-01-04 23:00:00,10.006034868062429,51.503781049950916,Y,0
2024-01-05 00:00:00,9.847953068550753,49.22193121744139,X,1
2024-01-05 01:00:00,10.007915187975199,51.25212685841955,X,0
2024-01-05 02:00:00,9.629971778205771,40.01533928315627,Y,0
2024-01-05 03:00:00,5.025696929554461,47.44024785907363,X,1
2024-01-05 04:00:00,6.590697588478076,64.79116981117545,Y,1
2024-01-05 05:00:00,7.727477986345274,54.75946360267058,Y,0
2024-01-05 06:00:00,4.053369051898229,48.14194397877566,Y,0
2024-01-05 07:00:00,10.066634556277727,60.540424748134015,Y,0
2024-01-05 08:00:00,9.502222665883783,42.14123841788946,X,1
2024-01-05 09:00:00,9.099647129976699,63.19020005634099,Y,1
2024-01-05 10:00:00,10.264855602297548,48.277111352281395,Y,0
2024-01-05 11:00:00,10.044427856078782,31.539704034847954,Y,0
2024-01-05 12:00:00,10.634735951882137,42.752426330736746,Y,1
2024-01-05 13:00:00,8.495171644549925,49.861942297152986,Y,1
2024-01-05 14:00:00,7.407216385699698,55.84442695895753,X,0
2024-01-05 15:00:00,10.190278887130907,39.20551048313927,X,0
2024-01-05 16:00:00,9.15256980011316,57.14695827268351,Y,1
2024-01-05 17:00:00,7.628032870141654,52.23577514703506,X,0
2024-01-05 18:00:00,9.269076014646746,40.93913221055762,Y,1
2024-01-05 19:00:00,7.4579539183066785,52.145340370711345,Y,1
2024-01-05 20:00:00,13.17234187684647,35.68661550501768,Y,0
2024-01-05 21:00:00,11.386781317033176,27.295867978388884,Y,1
2024-01-05 22:00:00,6.083837531584267,66.68035127966427,X,0
2024-01-05 23:00:00,9.73039737602001,56.87717491343107,X,1
2024-01-06 00:00:00,6.918767950894773,64.69208302852195,X,1
2024-01-06 01:00:00,14.093427936964277,45.52965668416339,X,0
2024-01-06 02:00:00,7.206001310093432,59.69213339842744,X,0
2024-01-06 03:00:00,7.805656030720355,58.46687237749383,X,0
2024-01-06 04:00:00,9.522574261370641,56.10818093973621,X,1
2024-01-06 05:00:00,7.141866203103418,43.34711114441484,X,0
2024-01-06 06:00:00,11.89800955301052,44.60931358422521,X,1
2024-01-06 07:00:00,9.96120482807507,44.3004820374541,X,1
2024-01-06 08:00:00,11.789195411520026,35.10656562962541,X,1
2024-01-06 09:00:00,11.519386239700411,49.511548129586004,Y,1
2024-01-06 10:00:00,7.004559237833661,55.4993059705704,X,0
2024-01-06 11:00:00,7.612228046416124,63.048378295965286,X,1
2024-01-06 12:00:00,12.592525172798116,55.22310958578549,X,0
2024-01-06 13:00:00,11.904551252163781,58.43810046278051,X,1
2024-01-06 14:00:00,7.56549173871797,50.55686488142052,X,1
2024-01-06 15:00:00,9.685469665249725,65.63792608618236,X,0
2024-01-06 16:00:00,6.984829679471227,43.61959264989095,Y,0
2024-01-06 17:00:00,10.215768261613228,42.952607797574544,X,1
2024-01-06 18:00:00,11.494111310198296,39.53372620182333,X,1
2024-01-06 19:00:00,10.85935287172522,70.49778771444076,Y,1
2024-01-06 20:00:00,7.169914158294948,53.89942997103362,X,1
2024-01-06 21:00:00,8.718480153978856,47.720405941623255,Y,0
2024-01-06 22:00:00,11.559252607327391,62.65299376091015,X,0
2024-01-06 23:00:00,9.123758167302315,66.85031012930861,Y,1
2024-01-07 00:00:00,14.149586335893131,45.6924585508813,Y,1
2024-01-07 01:00:00,9.313404635635061,74.9440561798007,Y,1
2024-01-07 02:00:00,8.766741256633612,56.062782036825524,Y,0
2024-01-07 03:00:00,11.526367292119986,68.9749568490005,X,0
2024-01-07 04:00:00,10.385834383646612,46.34766018018536,X,0
2024-01-07 05:00:00,9.30308213869526,46.4987999203591,Y,0
2024-01-07 06:00:00,14.597307881427351,58.968935558620046,Y,0
2024-01-07 07:00:00,9.669580894718536,37.03857729638013,Y,0
2024-01-07 08:00:00,10.932598736714379,42.33897779228173,Y,0
2024-01-07 09:00:00,10.539974477262177,27.637472117983712,X,0
2024-01-07 10:00:00,9.360337905763824,50.46327557310847,X,0
2024-01-07 11:00:00,7.704516800246827,49.44648932743866,X,1
2024-01-07 12:00:00,13.40724797624141,54.24912860952944,X,0
2024-01-07 13:00:00,8.555698459888493,56.22821514753963,X,0
2024-01-07 14:00:00,12.187373299317443,47.9541022153157,Y,1
2024-01-07 15:00:00,9.540964493520088,40.96479274193594,Y,1
2024-01-07 16:00:00,9.98220267341578,42.92211991796812,Y,0
2024-01-07 17:00:00,8.913603983185656,47.11757305192431,Y,1
2024-01-07 18:00:00,11.506124375383958,53.752751708285274,Y,0
2024-01-07 19:00:00,6.781122207654091,50.42095318647717,Y,0
2024-01-07 20:00:00,13.886524526867992,49.10043159726585,X,0
2024-01-07 21:00:00,7.105127775360829,63.144282945889444,Y,1
2024-01-07 22:00:00,10.260496910705404,47.944780939346344,Y,0
2024-01-07 23:00:00,11.898721729321974,40.38881480443057,X,0
2024-01-08 00:00:00,5.969622565754947,41.22920295289425,Y,1
2024-01-08 01:00:00,9.840918826131778,46.50619460988995,Y,0
2024-01-08 02:00:00,10.602098927576131,56.595634650916566,X,0
2024-01-08 03:00:00,6.63020007662964,56.79020304510423,X,1
2024-01-08 04:00:00,10.444781618890897,45.90626010850724,Y,0
2024-01-08 05:00:00,8.63015652950554,46.46682271908257,X,1
2024-01-08 06:00:00,9.747597632572846,54.29319286608667,X,1
2024-01-08 07:00:00,13.980547299508181,63.487878682901,X,0
2024-01-08 08:00:00,11.045995609041503,47.271086438287064,Y,1
2024-01-08 09:00:00,9.967309194485026,51.839363402760654,Y,0
2024-01-08 10:00:00,9.1683673283187,55.588657879489666,X,0
2024-01-08 11:00:00,7.2829941264804,36.28676752852881,Y,0
2024-01-08 12:00:00,8.97114021726243,46.693561285230494,X,0
2024-01-08 13:00:00,9.567879759993478,54.522332723500526,Y,0
2024-01-08 14:00:00,10.844760440843956,44.69481685641276,X,1
2024-01-08 15:00:00,7.8119141379355295,47.18541780996156,X,0
2024-01-08 16:00:00,12.473815770380451,43.55872126130673,Y,1
2024-01-08 17:00:00,9.539430643145785,38.69973774254717,Y,0
2024-01-08 18:00:00,8.591163600529953,38.382334660577335,X,0
2024-01-08 19:00:00,8.817249757829655,51.6933309281863,Y,1
2024-01-08 20:00:00,11.473990338036424,49.40301860387201,X,1
2024-01-08 21:00:00,10.87173450502982,61.05836446597426,Y,1
2024-01-08 22:00:00,13.551987171013533,43.38108724127146,Y,0
2024-01-08 23:00:00,11.026148757679291,46.414955626581275,X,0
2024-01-09 00:00:00,12.341053965896286,49.28829649876271,Y,0
2024-01-09 01:00:00,14.155424464500406,50.97863800915769,Y,0
2024-01-09 02:00:00,9.08815596157196,67.70668260834617,X,1
2024-01-09 03:00:00,11.298345854509364,57.16110914349666,X,0
2024-01-09 04:00:00,9.650436891097003,47.479653072876445,Y,0
2024-01-09 05:00:00,12.03452868650234,66.68179441254334,Y,1
2024-01-09 06:00:00,8.800033910302266,41.66518354584588,X,1
2024-01-09 07:00:00,13.152333448638412,61.65181781246556,X,1
2024-01-09 08:00:00,11.208847077178405,51.6824138572934,X,1
2024-01-09 09:00:00,8.1859391650386,49.02980239578566,Y,1
2024-01-09 10:00:00,11.184046538720755,38.916283595411386,Y,1
2024-01-09 11:00:00,9.125871168696854,61.63125734373686,Y,1
2024-01-09 12:00:00,10.203551545938634,27.95773079922453,Y,0
2024-01-09 13:00:00,12.616693653288294,48.766371227964456,Y,0
2024-01-09 14:00:00,12.775203622817106,45.60895280763773,X,1
2024-01-09 15:00:00,6.529217705333853,56.2998761682914,Y,0
2024-01-09 16:00:00,10.576754840454647,41.30449293477568,X,1
2024-01-09 17:00:00,9.321829133447274,43.91918918061075,Y,0
2024-01-09 18:00:00,11.054738265648828,61.99332810753839,Y,1
2024-01-09 19:00:00,9.251394232504506,77.25020807349765,Y,0
2024-01-09 20:00:00,10.954184594835368,54.507629855557994,X,0
2024-01-09 21:00:00,7.140474675527571,41.60522275588758,Y,0
2024-01-09 22:00:00,10.815413049953017,49.59804524724241,X,0
2024-01-09 23:00:00,8.343439214508866,58.85089891868664,X,1
2024-01-10 00:00:00,10.8469145636753,65.86065141643948,X,1
2024-01-10 01:00:00,9.680965269993338,70.2577923393804,Y,0
2024-01-10 02:00:00,12.482164174393208,65.30301030859523,X,1
2024-01-10 03:00:00,13.327072621474615,68.32733430129257,X,0
2024-01-10 04:00:00,8.676124570148172,59.68904557733333,X,1
2024-01-10 05:00:00,16.930454296958633,51.70770931967963,Y,0
2024-01-10 06:00:00,10.78287723854384,57.07994379633892,Y,1
2024-01-10 07:00:00,10.654490705952902,63.01610224535377,Y,1
2024-01-10 08:00:00,9.37730587886265,53.77426024051308,X,0
2024-01-10 09:00:00,7.1506888226406105,42.120988707990634,X,0
2024-01-10 10:00:00,8.750255629317536,59.28212355042308,Y,0
2024-01-10 11:00:00,9.780009208158289,70.33323317063505,Y,1
2024-01-10 12:00:00,11.90591885598385,55.81262909988691,X,0
2024-01-10 13:00:00,8.033274712714125,65.60723423781778,X,0
2024-01-10 14:00:00,7.810885620768609,50.73711577015608,X,0
2024-01-10 15:00:00,9.517302500896031,49.77643288855059,X,0
2024-01-10 16:00:00,8.809772321686596,56.85582093726127,X,1
2024-01-10 17:00:00,8.034376210435388,47.799269040022565,Y,0
2024-01-10 18:00:00,10.17645986885097,29.311095046440872,Y,1
2024-01-10 19:00:00,8.794481260352573,56.33613112728711,Y,0
2024-01-10 20:00:00,12.251110905965197,26.59074483598178,Y,0
2024-01-10 21:00:00,11.854106597600506,45.8015392045355,Y,0
2024-01-10 22:00:00,5.461686010627469,60.17319168626176,X,0
2024-01-10 23:00:00,9.303658724533651,46.10892459453569,Y,1
2024-01-11 00:00:00,9.671949194647887,42.627378384226695,Y,1
2024-01-11 01:00:00,12.433161180729819,49.934017965123836,X,1
2024-01-11 02:00:00,8.746292190543398,52.76502952043554,Y,1
2024-01-11 03:00:00,9.450120384220805,44.147322634616756,Y,1
2024-01-11 04:00:00,12.29491487702798,72.81272107402495,X,1
2024-01-11 05:00:00,12.319937948150137,61.53519887055594,Y,0
2024-01-11 06:00:00,11.404369010719554,62.97250536619347,Y,1
2024-01-11 07:00:00,7.43219037877138,47.770934759339404,Y,0
2024-01-11 08:00:00,13.044615535755359,53.44213463038584,X,0
2024-01-11 09:00:00,9.640073364701733,30.01717912367754,Y,1
2024-01-11 10:00:00,9.247705264768127,55.515401814060695,Y,1
2024-01-11 11:00:00,10.920698421323367,41.6529976542146,Y,1
2024-01-11 12:00:00,12.910842921475549,41.89374187770889,Y,1
2024-01-11 13:00:00,10.483013775750893,51.038273621053214,X,1
2024-01-11 14:00:00,9.924666658805522,47.11459669835176,Y,0
2024-01-11 15:00:00,11.663066059810287,40.705023158687354,X,0
2024-01-11 16:00:00,14.598738937511186,54.487887875734145,X,0
2024-01-11 17:00:00,8.120795113882476,44.43931840534891,X,0
2024-01-11 18:00:00,10.223645157084357,63.099523237532416,X,1
2024-01-11 19:00:00,15.078864066222923,43.136041344815204,Y,0
2024-01-11 20:00:00,10.807196830850712,38.66752728929185,X,1
2024-01-11 21:00:00,6.230331225360841,48.35668267716628,X,0
2024-01-11 22:00:00,12.55490406372979,60.60491183410912,X,0
2024-01-11 23:00:00,9.108823472386849,44.70350497449609,X,0
2024-01-12 00:00:00,7.459363922149033,45.791833902570836,Y,1
2024-01-12 01:00:00,11.271002336390907,24.06950612176814,X,1
2024-01-12 02:00:00,9.403128657815346,52.87681077867458,X,0
2024-01-12 03:00:00,9.195420156805636,58.10191642254277,X,1
2024-01-12 04:00:00,8.926719146375351,51.01937647253712,X,1
2024-01-12 05:00:00,11.646248803332966,47.19490368148611,X,1
2024-01-12 06:00:00,10.050383806549087,44.222272829135505,Y,1
2024-01-12 07:00:00,13.035072256708514,47.56788885013228,X,1
2024-01-12 08:00:00,10.73922230134747,35.074798263788864,Y,1
2024-01-12 09:00:00,9.038735675662219,52.420458353678946,Y,1
2024-01-12 10:00:00,12.08466548604267,35.86959272266564,Y,1
2024-01-12 11:00:00,12.197751973133737,40.54665387901405,Y,0
2024-01-12 12:00:00,5.734179252184564,65.22152859971519,X,0
2024-01-12 13:00:00,11.518408662803912,70.00672024084739,Y,1
2024-01-12 14:00:00,9.429638259754597,43.43621014828808,X,1
2024-01-12 15:00:00,10.960822822543042,45.27086805983547,X,1
2024-01-12 16:00:00,10.936001376405528,67.46256318275167,X,0
2024-01-12 17:00:00,15.418003894731836,64.43087583454783,Y,1
2024-01-12 18:00:00,14.038172233459722,40.80550815236637,Y,0
2024-01-12 19:00:00,11.49480683647991,60.90152892643149,Y,1
2024-01-12 20:00:00,8.820582826504562,60.92563361978601,X,0
2024-01-12 21:00:00,8.373150350846409,46.758498018117,X,1
2024-01-12 22:00:00,9.646206271310936,58.23712608122475,X,0
2024-01-12 23:00:00,11.014095003952574,69.55055443878081,Y,1
2024-01-13 00:00:00,9.466443671525488,43.48869483041776,Y,1
2024-01-13 01:00:00,8.287875956004285,59.68886848221698,Y,0
2024-01-13 02:00:00,13.118629713778205,54.2023925046178,X,0
2024-01-13 03:00:00,7.814622270743373,32.92285109614732,Y,0
2024-01-13 04:00:00,11.516084996331521,49.94075927748818,X,1
2024-01-13 05:00:00,7.601120061064012,42.595029937419234,Y,0
2024-01-13 06:00:00,10.352740956310084,63.52136758560991,X,1
2024-01-13 07:00:00,8.248538316802446,43.55011457900016,Y,0
2024-01-13 08:00:00,10.235216912533128,48.4485719104994,Y,1
2024-01-13 09:00:00,8.083663328837307,49.31349747198532,Y,0
2024-01-13 10:00:00,6.237770702117189,45.67679997444103,Y,0
2024-01-13 11:00:00,10.364685454974085,28.023080733334158,Y,1
2024-01-13 12:00:00,8.936382112510627,58.922578847498684,Y,1
2024-01-13 13:00:00,9.928429807366571,51.43860995959659,Y,0
2024-01-13 14:00:00,16.380817170654165,62.75597323305137,X,0
2024-01-13 15:00:00,16.70278286798815,45.31012844936361,Y,0
2024-01-13 16:00:00,13.241462902381032,54.74124827771885,X,0
2024-01-13 17:00:00,12.060857848200879,56.6839521890313,X,1
2024-01-13 18:00:00,13.724461708331146,37.95284120102876,X,0
2024-01-13 19:00:00,9.363481414833615,41.48867911830713,Y,0
2024-01-13 20:00:00,11.033626525637443,58.99124529277066,Y,1
2024-01-13 21:00:00,7.880833804564861,59.371915337062795,X,1
2024-01-13 22:00:00,11.190718058162291,59.53586651699464,X,1
2024-01-13 23:00:00,10.210267218778885,27.948965354245054,Y,0
2024-01-14 00:00:00,10.805166440457931,27.18694207305914,Y,0
2024-01-14 01:00:00,12.707425155585769,43.883689240811755,X,0
2024-01-14 02:00:00,13.381924623903355,78.0970114357323,X,0
2024-01-14 03:00:00,9.412709136306022,51.75845711650053,X,1
2024-01-14 04:00:00,10.286215993328724,43.69244409347479,X,1
2024-01-14 05:00:00,13.134958895646163,68.55545540370163,Y,1
2024-01-14 06:00:00,9.824116148139437,51.60290749884539,X,0
2024-01-14 07:00:00,12.047087322132525,35.77150453036877,X,1
2024-01-14 08:00:00,11.816037407382272,46.3234014647759,Y,1
2024-01-14 09:00:00,10.218399035223579,31.137116324922374,X,0
2024-01-14 10:00:00,7.392352879430724,57.548220931778786,Y,0
2024-01-14 11:00:00,10.518692026886372,67.81224578162275,Y,0
2024-01-14 12:00:00,12.435663408819392,56.52629459984631,X,1
2024-01-14 13:00:00,9.1130772270516,52.37503794040515,X,0
2024-01-14 14:00:00,7.769842990885674,55.942014265411586,X,1
2024-01-14 15:00:00,10.54060791638628,38.67065668671719,X,1
2024-01-14 16:00:00,10.74543879665246,54.974278727895836,X,1
2024-01-14 17:00:00,9.780338528916747,47.55765481163074,X,1
2024-01-14 18:00:00,8.993644690016486,60.40681517963839,X,1
2024-01-14 19:00:00,8.875603908798348,47.329289664303154,X,1
2024-01-14 20:00:00,8.187340087092442,43.22716313814937,Y,1
2024-01-14 21:00:00,10.843123689131287,43.283921769848384,X,0
2024-01-14 22:00:00,7.3349360067039395,76.25614445784655,X,1
2024-01-14 23:00:00,6.6240510241508135,38.831993598491096,Y,0
2024-01-15 00:00:00,10.364884324031552,59.36253572546603,X,1
2024-01-15 01:00:00,14.313135222666705,44.33817616251773,Y,0
2024-01-15 02:00:00,15.491308295971521,44.946530785173024,Y,0
2024-01-15 03:00:00,6.103397014007301,41.335827146980805,Y,1
2024-01-15 04:00:00,11.129239750352365,63.97031114430776,Y,0
2024-01-15 05:00:00,11.13645388905873,41.38078025706138,Y,0
2024-01-15 06:00:00,11.978095068220245,48.848436568035126,Y,0
2024-01-15 07:00:00,12.558561659369705,50.10536697447195,X,1
2024-01-15 08:00:00,9.6113566029451,44.803836400058096,Y,1
2024-01-15 09:00:00,9.547590991810766,47.50428742303781,X,0
2024-01-15 10:00:00,10.072723744493539,72.43659450728221,X,0
2024-01-15 11:00:00,11.01374972257304,45.17003401117038,Y,0
2024-01-15 12:00:00,6.139766494247225,26.310198249684476,Y,0
2024-01-15 13:00:00,8.925266120754964,40.78419177366659,X,0
2024-01-15 14:00:00,7.7283028795064155,65.19003313884248,Y,1
2024-01-15 15:00:00,10.012967360035981,55.52498418866539,Y,1
2024-01-15 16:00:00,10.718012007779043,43.073183863009106,X,1
2024-01-15 17:00:00,9.323431278049659,39.39991740841671,X,0
2024-01-15 18:00:00,11.77793517743257,64.67155550410652,X,0
2024-01-15 19:00:00,9.564355855795737,48.32086827212513,X,1
2024-01-15 20:00:00,13.039188297954487,57.59795906811331,X,1
2024-01-15 21:00:00,9.259916608502339,47.913782681469065,Y,0
2024-01-15 22:00:00,10.709694870522352,49.517783644053246,X,1
2024-01-15 23:00:00,8.751309220104739,48.16625408107841,X,1
2024-01-16 00:00:00,10.02221984011468,62.83030774708631,Y,1
2024-01-16 01:00:00,12.046948884729405,56.84763155490965,X,0
2024-01-16 02:00:00,9.802478595407493,55.0782717604328,Y,1
2024-01-16 03:00:00,9.720622965669763,54.16145975788605,Y,1
2024-01-16 04:00:00,11.643758026527063,51.429569524514456,X,1
2024-01-16 05:00:00,12.247157778688678,49.38372433659606,Y,1
2024-01-16 06:00:00,9.253989666953288,46.85193254409662,Y,1
2024-01-16 07:00:00,11.137680469172311,56.61057433467137,X,1
2024-01-16 08:00:00,5.802805904977932,39.051315104409426,X,1
2024-01-16 09:00:00,10.592237521491047,46.526457363127754,Y,1
2024-01-16 10:00:00,7.524623437300159,63.583611934492914,X,0
2024-01-16 11:00:00,11.92560130889351,47.019410998229645,Y,1
2024-01-16 12:00:00,6.205243511699465,49.19917093409775,X,1
2024-01-16 13:00:00,10.117174580711028,54.946812990997195,X,0
2024-01-16 14:00:00,7.642042087435227,63.73326411978132,X,1
2024-01-16 15:00:00,10.446387002078886,40.712342391537504,X,1
2024-01-16 16:00:00,8.926279929709139,39.437193919956336,X,1
2024-01-16 17:00:00,15.561745079803874,52.02255066900397,Y,1
2024-01-16 18:00:00,10.322125377277603,43.21749092099979,Y,0
2024-01-16 19:00:00,7.942440288243119,49.779875329519484,X,1
2024-01-16 20:00:00,11.279762149345876,30.996303085355738,Y,1
2024-01-16 21:00:00,7.951448677635823,39.760635807428194,X,1
2024-01-16 22:00:00,7.042259266784919,52.15068047008392,X,1
2024-01-16 23:00:00,10.734428751474368,44.7330179735515,Y,0
2024-01-17 00:00:00,6.109372581544108,44.75565019457283,Y,1
2024-01-17 01:00:00,10.41164607272727,55.47052797574943,Y,0
2024-01-17 02:00:00,9.720349925235393,51.18731925768629,X,0
2024-01-17 03:00:00,12.435389111905831,26.946775765738472,Y,1
2024-01-17 04:00:00,9.1928752110011,57.19991138685963,X,0
2024-01-17 05:00:00,11.558386965330167,37.15495440380087,X,0
2024-01-17 06:00:00,9.771577897249395,63.56978787668278,Y,0
2024-01-17 07:00:00,9.909966897639519,54.846862779838574,Y,1
2024-01-17 08:00:00,9.41137569173317,47.438845856697434,X,0
2024-01-17 09:00:00,9.810449674737226,63.54626306834369,Y,1
2024-01-17 10:00:00,10.270088301720119,70.7595058038693,X,0
2024-01-17 11:00:00,10.464808082659378,56.668801993571805,Y,0
2024-01-17 12:00:00,5.988869803951065,39.862802975620575,Y,0
2024-01-17 13:00:00,11.654637135283092,51.96595069084355,Y,0
2024-01-17 14:00:00,9.621955441240557,52.10873170038235,X,1
2024-01-17 15:00:00,7.719969627836615,34.47611293562497,Y,1
2024-01-17 16:00:00,9.694074230900679,38.89365327967802,Y,1
2024-01-17 17:00:00,8.381208050527148,54.504456177691026,X,1
2024-01-17 18:00:00,10.138642006437678,72.80311273239182,Y,1
2024-01-17 19:00:00,9.751436111199652,66.92590627984943,Y,1
2024-01-17 20:00:00,7.9539272761523545,58.84171818204818,X,1
2024-01-17 21:00:00,10.545856871583375,44.61520055342617,X,0
2024-01-17 22:00:00,8.359788844894112,46.233256577865085,Y,1
2024-01-17 23:00:00,10.93287575433493,45.67613633814692,X,0
2024-01-18 00:00:00,5.486475464339629,65.80659829411815,Y,1
2024-01-18 01:00:00,10.422258599961673,33.15293584841258,Y,1
2024-01-18 02:00:00,8.94123001572935,71.35839579661294,X,1
2024-01-18 03:00:00,9.301317156059207,49.87954763146729,Y,1
2024-01-18 04:00:00,13.07665885327159,47.089134098097595,X,0
2024-01-18 05:00:00,9.386229331204536,55.62456254633072,Y,1
2024-01-18 06:00:00,10.815727441204515,57.315635547473114,X,0
2024-01-18 07:00:00,12.166442322935882,52.080936834521665,Y,1
2024-01-18 08:00:00,13.149986138531661,51.468844502680255,X,1
2024-01-18 09:00:00,8.072969589303007,55.095493726194036,X,1
2024-01-18 10:00:00,12.363803105696627,65.40555530979935,Y,1
2024-01-18 11:00:00,8.253528210193599,66.86240275075508,Y,0
2024-01-18 12:00:00,7.723544560365869,38.23075108742014,Y,0
2024-01-18 13:00:00,12.859878282150062,48.104722177069014,X,1
2024-01-18 14:00:00,8.70476796211375,50.34288605346101,Y,1
2024-01-18 15:00:00,10.600748813684758,46.66090069299427,Y,1
2024-01-18 16:00:00,12.17812978707704,46.178746344168694,X,1
2024-01-18 17:00:00,13.34843164458381,59.727972485358706,X,0
2024-01-18 18:00:00,10.006015918085827,53.086752614486784,Y,0
2024-01-18 19:00:00,9.620789023411186,54.56756800551009,X,0
2024-01-18 20:00:00,9.324508020550113,46.402964145628644,X,1
2024-01-18 21:00:00,10.05202103769972,41.52345088717938,Y,1
2024-01-18 22:00:00,12.186119427691159,62.11638666348812,Y,0
2024-01-18 23:00:00,6.141818271244933,34.548652075273004,X,1
2024-01-19 00:00:00,9.566586005144925,56.83097683170271,X,1
2024-01-19 01:00:00,11.65524635481363,53.56183734860974,X,0
2024-01-19 02:00:00,11.613368179637057,48.81530699878147,Y,1
2024-01-19 03:00:00,6.679907518170709,48.73399368874022,Y,0
2024-01-19 04:00:00,12.18831582708033,46.456797277176236,X,0
2024-01-19 05:00:00,10.248209115346942,66.22634478034082,Y,1
2024-01-19 06:00:00,8.261608395606618,54.87814764976592,X,1
2024-01-19 07:00:00,8.006430297880506,38.780107622655706,X,0
2024-01-19 08:00:00,8.873705463278318,37.28188332040382,X,1
2024-01-19 09:00:00,9.529325168235795,47.56797684957573,X,0
2024-01-19 10:00:00,12.214480971138899,44.33358722284276,X,1
2024-01-19 11:00:00,8.274585479505012,56.30742979769623,X,0
2024-01-19 12:00:00,7.582600778867668,48.70826710663191,Y,0
2024-01-19 13:00:00,8.250565706776475,58.30852601018746,Y,0
2024-01-19 14:00:00,9.502950507499543,40.462622784590735,Y,0
2024-01-19 15:00:00,5.973396071048892,54.60207105438956,X,0
2024-01-19 16:00:00,12.683946416832384,66.60835403058343,X,0
2024-01-19 17:00:00,10.206477442694396,42.359597521914814,Y,1
2024-01-19 18:00:00,11.452485486621665,51.27711810527028,Y,0
2024-01-19 19:00:00,11.264252786016245,41.708174366402304,Y,1
2024-01-19 20:00:00,10.421792725333834,44.99525588586014,X,0
2024-01-19 21:00:00,9.475773091115148,56.876259510533494,X,0
2024-01-19 22:00:00,7.477585783246313,65.3455299292131,X,0
2024-01-19 23:00:00,9.330413783038988,39.627584709514025,X,0
2024-01-20 00:00:00,9.939337055329675,38.59033038854163,X,1
2024-01-20 01:00:00,11.202232000316783,55.86065961267128,X,0
2024-01-20 02:00:00,12.070219260757472,42.796180077363786,X,1
2024-01-20 03:00:00,12.56609684118791,53.13697447024175,Y,1
2024-01-20 04:00:00,8.208543412969624,55.708166717972425,Y,0
2024-01-20 05:00:00,10.012266690841791,59.114872277855,X,1
2024-01-20 06:00:00,10.869765073854701,46.97700160383199,Y,1
2024-01-20 07:00:00,10.263821737134299,29.080777540493166,Y,1
2024-01-20 08:00:00,12.739391612368943,46.21658125459995,Y,1
2024-01-20 09:00:00,9.634531027508118,40.221688283559715,Y,1
2024-01-20 10:00:00,12.819097845489257,44.97556069837098,Y,1
2024-01-20 11:00:00,9.637093479109968,61.137324694427065,X,0
2024-01-20 12:00:00,9.235135881620762,43.29775773801754,X,0
2024-01-20 13:00:00,7.324122384915747,46.45559821226246,X,0
2024-01-20 14:00:00,11.788321531812834,66.35913875347717,X,1
2024-01-20 15:00:00,12.888593857200997,79.29660893432376,X,0
2024-01-20 16:00:00,11.831908220939242,60.249635446624175,Y,0
2024-01-20 17:00:00,9.66516111736068,58.26367847487107,Y,0
2024-01-20 18:00:00,11.699306085396556,37.95277470323888,Y,1
2024-01-20 19:00:00,8.777178805654545,61.03931098477063,Y,0
2024-01-20 20:00:00,12.610526979029883,54.10808918987179,X,0
2024-01-20 21:00:00,6.505238086695233,38.36704123651141,X,1
2024-01-20 22:00:00,9.45504863704726,42.88873931351897,Y,1
2024-01-20 23:00:00,7.0974049719351076,42.22311605411739,X,0
2024-01-21 00:00:00,9.29191303764946,42.98518852739957,X,1
2024-01-21 01:00:00,7.922057553355108,55.16786350487155,X,1
2024-01-21 02:00:00,9.92729105507011,45.85600506745552,Y,0
2024-01-21 03:00:00,11.469722540076171,44.38415205747801,X,1
2024-01-21 04:00:00,10.17578604084863,53.43717032622035,Y,0
2024-01-21 05:00:00,10.956650936087422,67.47522086384267,Y,0
2024-01-21 06:00:00,9.733666009867092,55.398998770150264,Y,1
2024-01-21 07:00:00,12.167105001940385,45.04802625611031,X,1
2024-01-21 08:00:00,12.398328671589399,54.630168990969,X,0
2024-01-21 09:00:00,7.445616392865426,52.373762993343234,X,0
2024-01-21 10:00:00,12.235175537987256,44.081367727394884,Y,0
2024-01-21 11:00:00,11.962299883142633,56.55170528334892,X,1
2024-01-21 12:00:00,12.294283106123384,50.945119991428484,X,0
2024-01-21 13:00:00,10.826257747136648,61.834125732034906,Y,0
2024-01-21 14:00:00,7.627050549329056,47.78391552418263,Y,0
2024-01-21 15:00:00,11.921155534295306,42.232310387636524,Y,0
2024-01-21 16:00:00,9.68983746252131,50.56338944241204,X,1
2024-01-21 17:00:00,10.833738145519431,53.6247267480026,X,1
2024-01-21 18:00:00,5.688162962452738,54.3035789354356,X,1
2024-01-21 19:00:00,11.749405792939061,50.61607686265928,X,1
2024-01-21 20:00:00,11.988540268941936,21.813469974926406,X,1
2024-01-21 21:00:00,14.551140351542,58.27177562356735,X,0
2024-01-21 22:00:00,12.818388495052496,58.621190134296214,X,1
2024-01-21 23:00:00,9.958216724483705,44.75979827461886,X,0
2024-01-22 00:00:00,13.577421139152138,55.55806472222094,X,0
2024-01-22 01:00:00,7.48772880811967,47.0028414866148,X,0
2024-01-22 02:00:00,17.966203634113683,41.42917449605956,Y,0
2024-01-22 03:00:00,16.40386034814454,56.67588092236074,X,0
2024-01-22 04:00:00,11.916761520991637,59.41755266699911,X,0
2024-01-22 05:00:00,8.501017620108712,43.53037888424552,Y,0
2024-01-22 06:00:00,10.539731829570433,72.97885578997527,X,0
2024-01-22 07:00:00,11.687560835820287,62.76247945989341,X,0
2024-01-22 08:00:00,10.98422822689291,45.29906835382312,X,0
2024-01-22 09:00:00,11.692996950081405,42.807938727137746,X,1
2024-01-22 10:00:00,12.407615115084901,48.41931521671931,Y,0
2024-01-22 11:00:00,9.282261424472207,44.51718655363136,Y,0
2024-01-22 12:00:00,10.54112242764623,43.049901176561264,X,1
2024-01-22 13:00:00,10.11201247962814,44.91920137118426,Y,1
2024-01-22 14:00:00,10.708882596760235,58.451070985370976,Y,0
2024-01-22 15:00:00,11.668495077540078,46.35813642700798,X,0
2024-01-22 16:00:00,6.46941552850175,51.041518578063915,Y,0
2024-01-22 17:00:00,10.521557710072797,38.672708218164544,X,1
2024-01-22 18:00:00,13.801569426643937,59.95184383120508,X,1
2024-01-22 19:00:00,9.502844060365366,65.0380466533721,Y,0
2024-01-22 20:00:00,8.431587052935864,46.4220915562028,X,1
2024-01-22 21:00:00,8.952428079762333,54.392510736941794,X,1
2024-01-22 22:00:00,11.731449280519065,59.76176793180485,Y,0
2024-01-22 23:00:00,6.725230300378687,55.485566605075846,Y,0
2024-01-23 00:00:00,10.756721944592526,52.79873757454462,X,1
2024-01-23 01:00:00,3.8911089091518463,54.60543902389065,X,0
2024-01-23 02:00:00,13.361118293851906,31.844004308046774,X,0
2024-01-23 03:00:00,10.177671982788283,57.38950997490185,X,1
2024-01-23 04:00:00,13.05106427306902,53.34091342058111,Y,1
2024-01-23 05:00:00,9.205499871192536,38.63374087293353,Y,0
2024-01-23 06:00:00,10.876710448662019,53.36870806186895,X,1
2024-01-23 07:00:00,15.130819552372314,30.6977672890578,X,1
2024-01-23 08:00:00,8.30999879285693,59.404548194318195,X,1
2024-01-23 09:00:00,12.22019576422246,49.21557937161678,X,0
2024-01-23 10:00:00,5.895300390333298,43.11459102342191,X,1
2024-01-23 11:00:00,5.169954147669744,42.76940212462793,X,0
2024-01-23 12:00:00,11.722526789993038,58.14324613537393,X,0
2024-01-23 13:00:00,10.430455602802887,62.140595171215175,Y,1
2024-01-23 14:00:00,9.355703320182972,33.88049660630305,X,1
2024-01-23 15:00:00,10.334740392714176,53.82658561614259,Y,0
2024-01-23 16:00:00,9.322420841123463,58.45913470418947,X,0
2024-01-23 17:00:00,10.965430101297837,53.23512566408575,Y,1
2024-01-23 18:00:00,11.911322049342862,51.775907552712226,Y,0
2024-01-23 19:00:00,12.344250195849792,50.22725782621203,X,0
2024-01-23 20:00:00,10.406454399328954,61.092738552242764,X,1
2024-01-23 21:00:00,12.014317023368394,57.46312282954858,Y,0
2024-01-23 22:00:00,11.753704281767055,58.493202690407095,X,1
2024-01-23 23:00:00,11.168011096777516,42.82802871578851,X,0
2024-01-24 00:00:00,9.363507997379852,56.27195631552254,Y,1
2024-01-24 01:00:00,4.8847287842243325,41.553913312029394,Y,0
2024-01-24 02:00:00,10.008265927082066,51.2548690045125,X,0
2024-01-24 03:00:00,9.927896752920788,50.19711066612705,Y,1
2024-01-24 04:00:00,7.196867759217025,53.312851879047734,X,1
2024-01-24 05:00:00,11.985439919587387,63.928722076414175,Y,1
2024-01-24 06:00:00,10.432844441667408,46.34199407259204,Y,1
2024-01-24 07:00:00,7.713841238162157,72.75107984280902,X,0
2024-01-24 08:00:00,12.14676917275953,45.89101167499786,Y,0
2024-01-24 09:00:00,12.001058300535803,41.36304865289152,Y,0
2024-01-24 10:00:00,12.776222778595367,56.0910571044828,X,0
2024-01-24 11:00:00,8.095335801146453,62.619572530223984,X,0
2024-01-24 12:00:00,11.506605292389645,62.45524179596636,Y,0
2024-01-24 13:00:00,8.748338342502297,43.95482457139342,Y,0
2024-01-24 14:00:00,4.688100761242886,52.092762944699146,X,0
2024-01-24 15:00:00,9.385039257668511,50.68867621060708,X,0
2024-01-24 16:00:00,9.803917698737834,59.20622863636502,X,0
2024-01-24 17:00:00,14.814726001014442,58.68650261741006,X,0
2024-01-24 18:00:00,11.111691147254362,51.12486811500436,X,1
2024-01-24 19:00:00,13.35443489690074,55.33366264686079,X,0
2024-01-24 20:00:00,9.588037362099119,52.6574012341415,Y,1
2024-01-24 21:00:00,12.289774789198356,55.10694298895184,X,1
2024-01-24 22:00:00,8.217417610766946,43.74466599467056,Y,0
2024-01-24 23:00:00,12.70482491749659,61.90731608625882,Y,1
2024-01-25 00:00:00,8.026540025614533,56.70156550332144,X,1
2024-01-25 01:00:00,13.194572778602303,44.630952286701174,X,1
2024-01-25 02:00:00,10.310700305170151,41.24900614587444,Y,0
2024-01-25 03:00:00,9.102940799913409,36.179652739772834,Y,0
2024-01-25 04:00:00,8.46835400514401,23.807193964089926,X,1
2024-01-25 05:00:00,12.244224990832743,55.86165327169866,Y,0
2024-01-25 06:00:00,8.667365428950824,42.37509240616495,Y,1
2024-01-25 07:00:00,11.086153298081237,56.39770567418938,Y,1
2024-01-25 08:00:00,9.449909936327842,71.56025286153515,Y,1
2024-01-25 09:00:00,10.851418541685465,60.85494011584807,X,0
2024-01-25 10:00:00,10.558156870001476,34.20401176101021,X,0
2024-01-25 11:00:00,9.266661843949148,49.15615978370398,X,0
2024-01-25 12:00:00,8.5262462319074,48.932163210569676,X,0
2024-01-25 13:00:00,7.914869758125012,41.286973529763216,X,0
2024-01-25 14:00:00,11.437545971277476,57.08526330132478,Y,0
2024-01-25 15:00:00,10.845821989108973,48.22955363352963,Y,0
2024-01-25 16:00:00,14.226276961603428,32.92255157271099,X,1
2024-01-25 17:00:00,10.83793670739039,54.935680007900544,Y,0
2024-01-25 18:00:00,7.033193244273734,27.331150442051737,Y,0
2024-01-25 19:00:00,13.463807131980689,59.592831641658776,Y,1
2024-01-25 20:00:00,8.290098602001331,59.97392732885138,X,1
2024-01-25 21:00:00,12.071556344841404,51.23728792700547,X,1
2024-01-25 22:00:00,9.645831755603233,43.01291188084811,X,0
2024-01-25 23:00:00,12.163025094435797,52.90321224696092,X,0
2024-01-26 00:00:00,10.23023496552943,41.292807904515406,Y,1
2024-01-26 01:00:00,8.592769535527035,64.45618394099138,X,1
2024-01-26 02:00:00,8.73098114239371,54.94990272632614,Y,0
2024-01-26 03:00:00,8.721618807039444,41.54833534461899,Y,0
2024-01-26 04:00:00,9.16049259036561,47.37186966201542,X,1
2024-01-26 05:00:00,14.751923081383618,81.97482953973372,Y,1
2024-01-26 06:00:00,10.898529927710404,49.98941157662919,X,0
2024-01-26 07:00:00,11.035532608715753,46.21702547274652,X,0
2024-01-26 08:00:00,13.178953422853606,60.11010816265471,Y,1
2024-01-26 09:00:00,8.63607465445562,43.66569949616474,X,1
2024-01-26 10:00:00,9.183969773768503,44.14393835430776,X,1
2024-01-26 11:00:00,9.358324580779273,57.771447267055485,X,1
2024-01-26 12:00:00,9.08897126536343,42.314938855539154,X,0
2024-01-26 13:00:00,14.135223944850717,37.0297228479746,X,1
2024-01-26 14:00:00,9.77924357454588,57.375706675328786,X,1
2024-01-26 15:00:00,8.197542805819245,57.529184295240164,Y,0
2024-01-26 16:00:00,10.099685366457825,26.93817058852386,X,0
2024-01-26 17:00:00,9.368897314410843,41.90726966602905,X,1
2024-01-26 18:00:00,8.511541093362654,47.630659545330275,X,0
2024-01-26 19:00:00,11.830853954572447,53.239072506712226,X,1
2024-01-26 20:00:00,6.818106575753337,60.72068843811489,X,0
2024-01-26 21:00:00,11.241140068798675,50.86450240035977,Y,0
2024-01-26 22:00:00,13.796919054207477,51.236997379039124,Y,1
2024-01-26 23:00:00,15.51973577647862,39.377706655507595,Y,1
2024-01-27 00:00:00,13.844228242339302,41.652960152464864,Y,1
2024-01-27 01:00:00,10.332711821121196,58.98382072502407,Y,0
2024-01-27 02:00:00,10.526575171390427,38.99512053776289,Y,0
2024-01-27 03:00:00,13.021145671390414,56.33870813785072,X,1
2024-01-27 04:00:00,12.776728625974698,40.84729515336007,X,0
2024-01-27 05:00:00,8.936744066889451,37.02528244640729,Y,1
2024-01-27 06:00:00,6.311556360432104,45.67788246946925,Y,1
2024-01-27 07:00:00,9.851147366382287,60.59455516811933,X,0
2024-01-27 08:00:00,14.039602168903073,28.40407949531768,Y,1
2024-01-27 09:00:00,10.638011540478583,52.73607503232424,Y,0
2024-01-27 10:00:00,8.007415229079834,52.178924553288525,Y,1
2024-01-27 11:00:00,9.243199178933835,60.759409181533684,Y,1
2024-01-27 12:00:00,12.20721811789196,50.69370083956537,Y,0
2024-01-27 13:00:00,11.762590093791896,54.66651996382033,Y,0
2024-01-27 14:00:00,10.278712051491024,34.71213005262183,Y,0
2024-01-27 15:00:00,11.200099722048257,40.74361607902208,Y,0
2024-01-27 16:00:00,10.159491843372571,43.368670187384986,Y,0
2024-01-27 17:00:00,10.559825257597735,27.25929946268533,Y,1
2024-01-27 18:00:00,7.953395361527278,61.66798028497348,Y,0
2024-01-27 19:00:00,8.213138048258092,42.750669223651165,Y,0
2024-01-27 20:00:00,9.443896627130764,57.41140517984854,X,1
2024-01-27 21:00:00,9.660510368202386,39.97986585739275,X,1
2024-01-27 22:00:00,8.735617950266898,42.68334958141726,Y,0
2024-01-27 23:00:00,11.978281345919317,55.96314355432526,Y,1
2024-01-28 00:00:00,11.973035944163367,55.363444440333105,Y,1
2024-01-28 01:00:00,13.29970376076185,36.207743838650785,X,0
2024-01-28 02:00:00,10.755787181101834,51.39086750554473,X,0
2024-01-28 03:00:00,9.530151361754392,49.35486904486342,X,1
2024-01-28 04:00:00,9.030481465221131,49.04727097657279,Y,1
2024-01-28 05:00:00,6.394747527793016,53.379535699933314,Y,0
2024-01-28 06:00:00,11.366768979931472,65.807860908439,Y,1
2024-01-28 07:00:00,8.417122225057302,43.04660366476922,X,1
2024-01-28 08:00:00,12.882327747321149,65.87088937074049,Y,1
2024-01-28 09:00:00,11.999365078607966,54.00438114879475,X,0
2024-01-28 10:00:00,12.150522010693713,43.58185412441259,Y,0
2024-01-28 11:00:00,13.240671577170291,43.073778024979504,X,1
2024-01-28 12:00:00,10.7680484792585,44.37244119928081,X,0
2024-01-28 13:00:00,10.877799190983856,45.30513301928363,X,1
2024-01-28 14:00:00,9.317082308778426,40.57021203371292,Y,0
2024-01-28 15:00:00,9.504253832448939,46.41346849045825,X,1
2024-01-28 16:00:00,10.05309306497938,55.81359173000588,Y,1
2024-01-28 17:00:00,12.075445967792438,51.12208272717855,Y,1
2024-01-28 18:00:00,10.505357441805435,65.98812710220574,Y,0
2024-01-28 19:00:00,11.74875765588415,53.04305679595127,Y,1
2024-01-28 20:00:00,11.498665981343017,59.28768732893373,Y,1
2024-01-28 21:00:00,10.314938188765744,31.09935758986008,X,1
2024-01-28 22:00:00,16.36254054400109,59.91184458958134,X,0
2024-01-28 23:00:00,11.342697410832532,55.4760981763061,Y,0
2024-01-29 00:00:00,12.704774977122026,63.87440061416474,X,1
2024-01-29 01:00:00,6.960182048885731,58.696564647003974,Y,0
2024-01-29 02:00:00,10.444831509773495,55.41839325103733,X,1
2024-01-29 03:00:00,11.681151722052743,55.70655264630198,Y,1
2024-01-29 04:00:00,12.944364176243681,47.322573192627985,Y,0
2024-01-29 05:00:00,9.35681901596756,53.92427355496079,Y,0
2024-01-29 06:00:00,12.462145376635805,42.87369961101673,X,0
2024-01-29 07:00:00,8.049001398434571,37.48917480190518,X,1
2024-01-29 08:00:00,10.042252329883729,67.8939620600234,X,1
2024-01-29 09:00:00,10.744096210269511,46.14572624975954,Y,0
2024-01-29 10:00:00,14.851575797764346,46.6062280000206,X,0
2024-01-29 11:00:00,11.156750047144218,45.34623216070348,X,1
2024-01-29 12:00:00,14.278355787253952,41.45601924564682,Y,1
2024-01-29 13:00:00,6.82863148531313,51.784025992531696,Y,0
2024-01-29 14:00:00,9.397561500021654,52.37311647720866,Y,1
2024-01-29 15:00:00,11.643377481385832,57.427861661062984,Y,1
2024-01-29 16:00:00,9.29503825592211,52.49309985975076,X,1
2024-01-29 17:00:00,13.254720036616597,30.684706749019426,X,1
2024-01-29 18:00:00,9.220635830562411,57.929518975841816,Y,0
2024-01-29 19:00:00,13.06452853107971,34.623151773506,Y,1
2024-01-29 20:00:00,9.437855328163288,63.897142939008624,Y,1
2024-01-29 21:00:00,10.372555005729957,61.836559269554186,X,0
2024-01-29 22:00:00,13.36423070012508,37.621296049794395,Y,1
2024-01-29 23:00:00,9.781295831532464,71.35545601595112,X,1
2024-01-30 00:00:00,12.150778907265424,48.33278956987064,Y,0
2024-01-30 01:00:00,11.444473367357602,42.830324206820904,Y,0
2024-01-30 02:00:00,11.145282100325502,45.561461804370985,X,1
2024-01-30 03:00:00,15.239866873608518,56.325447969724976,X,0
2024-01-30 04:00:00,12.476672712507956,46.29511244822282,Y,1
2024-01-30 05:00:00,11.147334549739998,30.73911734821195,X,0
2024-01-30 06:00:00,11.498982088160986,40.104888531261075,X,1
2024-01-30 07:00:00,9.047190868336674,39.061589175514484,Y,1
2024-01-30 08:00:00,12.034406411877285,49.847263831864026,X,0
2024-01-30 09:00:00,12.525024818897972,27.275606221506195,X,1
2024-01-30 10:00:00,13.203590711347992,75.70764510766044,Y,1
2024-01-30 11:00:00,15.164784280185486,49.444010731071714,X,1
2024-01-30 12:00:00,12.28186134443919,42.908599055367326,Y,0
2024-01-30 13:00:00,9.049246227728904,42.55110826670142,X,0
2024-01-30 14:00:00,11.893462401806179,38.395494104036516,X,0
2024-01-30 15:00:00,10.312671624217993,52.94422089039782,X,1
2024-01-30 16:00:00,9.99709295207018,39.900846364199275,Y,0
2024-01-30 17:00:00,10.048483540344932,49.15940917247563,Y,0
2024-01-30 18:00:00,11.596105852225365,56.364125215344345,X,1
2024-01-30 19:00:00,9.845800822521367,48.79683571595596,Y,1
2024-01-30 20:00:00,12.11654925727935,47.0327024087488,X,1
2024-01-30 21:00:00,7.846050744533118,52.543420370586475,Y,1
2024-01-30 22:00:00,5.739879463983915,66.34707610929675,Y,1
2024-01-30 23:00:00,11.217780804323418,42.7832929177915,Y,1
2024-01-31 00:00:00,8.482403785651687,60.21925196114595,Y,0
2024-01-31 01:00:00,10.400399403514914,51.929950058983,Y,1
2024-01-31 02:00:00,7.755205582356043,45.227061007171784,X,0
2024-01-31 03:00:00,7.559896042170155,47.28330198329405,Y,1
2024-01-31 04:00:00,12.066377444365077,47.52481448228749,X,1
2024-01-31 05:00:00,10.582523169131754,38.67758728314308,X,0
2024-01-31 06:00:00,11.51378792074595,41.889777094596894,Y,0
2024-01-31 07:00:00,11.551178207598792,48.95263942010669,Y,0
2024-01-31 08:00:00,10.17757772362179,49.64071637058529,X,1
2024-01-31 09:00:00,14.679912799867568,43.465276777386926,Y,0
2024-01-31 10:00:00,12.376274159785842,41.84542130782762,X,1
2024-01-31 11:00:00,16.81925053238134,82.52900802301158,Y,0
2024-01-31 12:00:00,14.851046318486812,46.77691250279614,Y,1
2024-01-31 13:00:00,13.062904162779725,34.0411863096796,Y,1
2024-01-31 14:00:00,11.662305390490076,40.528607338270554,X,1
2024-01-31 15:00:00,10.530782773902036,45.338442977838746,X,0
2024-01-31 16:00:00,10.260866452605761,38.036900285964876,X,0
2024-01-31 17:00:00,12.00125161898339,43.21189789840492,Y,0
2024-01-31 18:00:00,13.686914580838721,47.718452034166155,Y,0
2024-01-31 19:00:00,9.638404091888514,35.262344823863565,Y,1
2024-01-31 20:00:00,11.70934109615973,41.88358004255089,X,1
2024-01-31 21:00:00,9.273419518118098,49.06826473057896,X,0
2024-01-31 22:00:00,12.002624986761731,51.12504262331368,X,0
2024-01-31 23:00:00,12.885431968847087,50.92079048625644,Y,0
2024-02-01 00:00:00,13.794874489429699,36.13285347384614,X,0
2024-02-01 01:00:00,12.398413725525495,58.28290898457021,Y,0
2024-02-01 02:00:00,10.563630110425393,50.09430420454783,Y,1
2024-02-01 03:00:00,11.090176710226736,53.841643649613154,Y,0
2024-02-01 04:00:00,11.891470731029639,57.8312203082146,Y,1
2024-02-01 05:00:00,11.451321412696874,49.71322133540131,X,0
2024-02-01 06:00:00,12.525087355254236,55.74820931263659,Y,1
2024-02-01 07:00:00,12.360967740199396,47.79148515374943,X,0
2024-02-01 08:00:00,13.935591979433223,64.83178916134393,Y,1
2024-02-01 09:00:00,9.18678704140997,55.38471467640084,Y,0
2024-02-01 10:00:00,12.482348986089917,30.6263537218847,Y,0
2024-02-01 11:00:00,10.030695194629109,42.257553779372685,Y,1
2024-02-01 12:00:00,11.431968033403534,59.863681649066734,X,1
2024-02-01 13:00:00,9.309903342600933,61.37537782083453,X,0
2024-02-01 14:00:00,12.051417860378884,36.715160314817936,X,1
2024-02-01 15:00:00,9.083463131493426,59.31400748435316,Y,1
2024-02-01 16:00:00,10.345507102880195,54.15298701628475,Y,1
2024-02-01 17:00:00,16.59708760932571,75.65917360177608,X,0
2024-02-01 18:00:00,13.280488524568524,63.11090918571927,Y,1
2024-02-01 19:00:00,13.942159079340719,47.95704490059415,Y,0
2024-02-01 20:00:00,10.389550574670105,44.722169596780574,Y,1
2024-02-01 21:00:00,14.381817744188098,49.43753576062618,Y,0
2024-02-01 22:00:00,11.449934684967106,48.12733235497428,Y,1
2024-02-01 23:00:00,11.006323134744223,54.1535786515367,Y,1
2024-02-02 00:00:00,13.17811081054054,48.19676675512076,X,1
2024-02-02 01:00:00,12.390794807410966,37.622426882188904,Y,0
2024-02-02 02:00:00,14.598107627213754,54.094480659852024,Y,1
2024-02-02 03:00:00,9.562631331312625,59.71015073939841,X,0
2024-02-02 04:00:00,10.58512451847687,50.55893360103507,X,0
2024-02-02 05:00:00,11.225879450287415,48.65574378094028,Y,1
2024-02-02 06:00:00,12.364351638162589,42.06491720769464,X,1
2024-02-02 07:00:00,11.266273245884063,62.48513063111432,X,0
2024-02-02 08:00:00,12.036279760116853,38.55351710371764,Y,0
2024-02-02 09:00:00,11.570734787130142,40.77150406806899,Y,1
2024-02-02 10:00:00,14.05869981093739,34.42625974420835,X,0
2024-02-02 11:00:00,11.109578429796496,38.46114207279428,Y,0
2024-02-02 12:00:00,11.424042588564326,54.979084120709736,Y,0
2024-02-02 13:00:00,12.392863813767278,26.617266132776432,X,0
2024-02-02 14:00:00,12.071131645675838,42.264040266695936,Y,1
2024-02-02 15:00:00,12.759858193945096,56.807164316349166,Y,1
2024-02-02 16:00:00,9.758725562087808,42.789721547786144,Y,0
2024-02-02 17:00:00,12.489249003248872,56.23221674031227,X,0
2024-02-02 18:00:00,11.97979872140909,36.71675126903854,X,0
2024-02-02 19:00:00,10.559515877856304,68.35685461594005,X,1
2024-02-02 20:00:00,9.052110702281448,55.96469164632437,X,0
2024-02-02 21:00:00,12.695344077291065,61.169497280020195,Y,0
2024-02-02 22:00:00,12.092460881124293,59.52868090977543,Y,1
2024-02-02 23:00:00,12.237625484000294,44.542023971732135,X,0
2024-02-03 00:00:00,11.620614947604247,55.45078471519323,X,1
2024-02-03 01:00:00,15.095401316279368,40.72467996712011,X,0
2024-02-03 02:00:00,10.25543399882123,55.568882027647746,X,1
2024-02-03 03:00:00,12.304247651221523,23.454585669863274,X,1
2024-02-03 04:00:00,11.435741489236381,47.50712376367341,Y,1
2024-02-03 05:00:00,8.353510643113518,24.66285099313058,X,1
2024-02-03 06:00:00,12.642299707617358,52.06041656484946,Y,1
2024-02-03 07:00:00,9.82135533358923,55.41616116666848,X,1
2024-02-03 08:00:00,14.005463791251653,55.21997970583321,Y,1
2024-02-03 09:00:00,14.153751864621185,55.63949339433897,X,1
2024-02-03 10:00:00,13.276982728681304,49.418101450776504,Y,1
2024-02-03 11:00:00,13.578545165488809,60.77803587313474,Y,1
2024-02-03 12:00:00,11.637130979307265,56.79138063668108,Y,0
2024-02-03 13:00:00,13.930200359664614,54.92562252027059,X,0
2024-02-03 14:00:00,14.400962792597866,48.9594835442494,X,1
2024-02-03 15:00:00,14.81935146175983,50.753023758107894,Y,1
2024-02-03 16:00:00,15.119454944871876,46.15344017175331,Y,1
2024-02-03 17:00:00,9.692595116244075,33.3548956703829,X,1
2024-02-03 18:00:00,13.25981563484474,53.90584260761245,X,0
2024-02-03 19:00:00,7.755617592940402,63.92526077990618,X,1
2024-02-03 20:00:00,14.588840821127775,51.68414513959073,Y,0
2024-02-03 21:00:00,11.369546111045922,46.074312241204,X,1
2024-02-03 22:00:00,13.252580401267057,46.97700680976997,Y,0
2024-02-03 23:00:00,11.751350992091215,44.61688606314192,X,0
2024-02-04 00:00:00,13.465169760793454,45.945505247412164,Y,1
2024-02-04 01:00:00,14.049074443664349,73.08417411264716,X,0
2024-02-04 02:00:00,10.534498238366075,38.38518049763288,X,1
2024-02-04 03:00:00,11.674800793100722,53.65229811440301,Y,0
2024-02-04 04:00:00,12.132347731954216,46.12353480276892,X,1
2024-02-04 05:00:00,14.295123782310386,46.78924284747801,Y,0
2024-02-04 06:00:00,12.294305571635315,51.47535808875851,Y,0
2024-02-04 07:00:00,12.422548766084729,53.20321438454692,X,1
2024-02-04 08:00:00,17.36767822123175,74.54069986572595,X,1
2024-02-04 09:00:00,7.744790966588157,64.8165499306989,Y,1
2024-02-04 10:00:00,13.950456187460384,63.91256348988998,X,0
2024-02-04 11:00:00,12.974301429524484,56.065672606903334,Y,1
2024-02-04 12:00:00,14.336075526737057,36.729515011030784,X,1
2024-02-04 13:00:00,14.680954264875853,46.92895686342051,X,1
2024-02-04 14:00:00,15.368300355106953,40.56302411621478,X,0
2024-02-04 15:00:00,11.106558133839975,42.121298090311534,X,0
2024-02-04 16:00:00,15.239393692479585,39.58567985453965,X,0
2024-02-04 17:00:00,13.859707267323827,40.180594840852116,X,0
2024-02-04 18:00:00,11.732500266709737,58.50917690412449,Y,1
2024-02-04 19:00:00,14.648872865346323,49.62355168394695,Y,0
2024-02-04 20:00:00,9.991299726411906,48.910217760158055,X,0
2024-02-04 21:00:00,14.25329183520066,52.70290129541,Y,1
2024-02-04 22:00:00,12.65732693256011,52.31714258860314,X,1
2024-02-04 23:00:00,15.65919347933242,34.71108860949941,X,1
2024-02-05 00:00:00,11.665741327987714,64.86406319036018,X,0
2024-02-05 01:00:00,12.1785439652687,33.71782228190382,X,0
2024-02-05 02:00:00,12.331456517344668,58.51516942404773,X,1
2024-02-05 03:00:00,12.227297351958818,65.7545462068964,X,0
2024-02-05 04:00:00,10.115943063221454,32.48122624084397,Y,1
2024-02-05 05:00:00,13.022479884183028,43.32543859935333,Y,1
2024-02-05 06:00:00,11.522987201536225,56.22816070509844,Y,1
2024-02-05 07:00:00,14.752291486382617,36.232682298866195,Y,1
2024-02-05 08:00:00,14.663491031690448,72.57105652325046,Y,0
2024-02-05 09:00:00,10.456235578349922,53.64925880174055,Y,1
2024-02-05 10:00:00,13.129527291243871,37.231581967864315,X,0
2024-02-05 11:00:00,13.42138276861113,35.20547649276606,X,1
2024-02-05 12:00:00,11.553804975621599,48.314474787740444,X,1
2024-02-05 13:00:00,15.8744481537176,39.465922130962284,Y,1
2024-02-05 14:00:00,13.157867874152846,54.42103874119148,Y,1
2024-02-05 15:00:00,14.067820686384348,69.19742558515131,X,1
2024-02-05 16:00:00,12.360225863106567,59.72932849332602,X,1
2024-02-05 17:00:00,14.552741706973995,48.70685549113001,X,1
2024-02-05 18:00:00,18.963928792182188,56.32248076724319,X,1
2024-02-05 19:00:00,12.03106793417946,56.50021189457718,Y,0
2024-02-05 20:00:00,13.949318696418235,39.58671281382196,Y,0
2024-02-05 21:00:00,13.876476056238939,31.00565260178226,Y,0
2024-02-05 22:00:00,14.40642110580071,27.486648308564835,Y,1
2024-02-05 23:00:00,13.236019062297428,44.90874782131524,Y,1
2024-02-06 00:00:00,9.81691815012347,45.22631142873608,X,1
2024-02-06 01:00:00,11.224398611519415,58.8267324177621,X,0
2024-02-06 02:00:00,14.356545133591897,52.22047448905897,X,1
2024-02-06 03:00:00,9.99782071067495,59.02303532525606,X,0
2024-02-06 04:00:00,14.64691081538082,55.047301964557874,X,0
2024-02-06 05:00:00,13.880769463482064,62.7770675903322,Y,1
2024-02-06 06:00:00,14.13663172902743,30.8132948536502,Y,0
2024-02-06 07:00:00,14.532614400125452,62.395346950463285,Y,1
2024-02-06 08:00:00,13.263438651451514,51.32766287571626,X,1
2024-02-06 09:00:00,14.654880608981307,40.65836257136649,Y,0
2024-02-06 10:00:00,11.12019040267003,43.24638607176533,Y,1
2024-02-06 11:00:00,13.835019932822902,38.82653140825128,X,1
2024-02-06 12:00:00,13.608256452906609,40.80661316478407,Y,1
2024-02-06 13:00:00,11.404945187011826,33.54940249626,Y,0
2024-02-06 14:00:00,13.04604008565889,54.996450388583796,Y,1
2024-02-06 15:00:00,17.425031128832593,48.52060223362806,Y,1
2024-02-06 16:00:00,14.584926102144502,58.01013202564155,Y,1
2024-02-06 17:00:00,10.71302418410736,43.438316085811195,Y,1
2024-02-06 18:00:00,11.145619663827112,42.696567865330124,X,1
2024-02-06 19:00:00,15.603274275270742,60.52612213798156,Y,0
2024-02-06 20:00:00,10.172148880198712,52.05882046201302,X,0
2024-02-06 21:00:00,16.446892229580875,42.910562552893246,Y,0
2024-02-06 22:00:00,11.637336616752307,47.224912811159186,X,0
2024-02-06 23:00:00,13.774295153922967,55.25320865613027,Y,0
2024-02-07 00:00:00,13.461748264108062,48.973625964919584,X,1
2024-02-07 01:00:00,13.358747786292415,35.281975977795774,X,0
2024-02-07 02:00:00,14.779900832822019,48.27998359227948,Y,1
2024-02-07 03:00:00,19.326108884128892,49.65147309799484,Y,0
2024-02-07 04:00:00,17.084427437344367,38.74060403669048,Y,0
2024-02-07 05:00:00,15.757583306941857,51.135363806279294,Y,0
2024-02-07 06:00:00,9.15809262143809,31.977661877615805,Y,0
2024-02-07 07:00:00,13.547100529227283,50.779453983935575,X,0
2024-02-07 08:00:00,16.079572957345547,33.54436907580502,Y,0
2024-02-07 09:00:00,12.702641136718531,39.16727539389431,X,0
2024-02-07 10:00:00,17.874430665327925,52.73919709075214,Y,0
2024-02-07 11:00:00,14.11629410146634,47.773833330855055,X,0
2024-02-07 12:00:00,13.527346256305206,43.28701434534146,Y,1
2024-02-07 13:00:00,11.906413495095787,45.751127917517664,Y,0
2024-02-07 14:00:00,13.418575718935985,47.68433987658369,X,0
2024-02-07 15:00:00,15.49742839272478,47.47959900499446,Y,1
2024-02-07 16:00:00,13.468549390598836,49.6001472268106,Y,0
2024-02-07 17:00:00,12.238132351482282,50.88450195674174,X,1
2024-02-07 18:00:00,16.89415012379389,57.33201081700009,Y,0
2024-02-07 19:00:00,15.687622433714285,32.04777668563222,X,0
2024-02-07 20:00:00,12.74536402356558,41.391659479128236,Y,0
2024-02-07 21:00:00,14.990386836840147,46.407155426018846,X,1
2024-02-07 22:00:00,12.833562361877043,68.61507979129387,X,1
2024-02-07 23:00:00,14.967878720773712,50.75679694914104,X,0
2024-02-08 00:00:00,12.054452548659988,53.16717596589789,Y,1
2024-02-08 01:00:00,13.659075128969924,48.59118032934891,X,0
2024-02-08 02:00:00,15.95894050389651,42.0405091713865,X,1
2024-02-08 03:00:00,10.093797709856862,48.042235368546024,Y,1
2024-02-08 04:00:00,12.970695723448351,53.1641359928794,X,0
2024-02-08 05:00:00,12.973666388781691,41.59504028239256,Y,1
2024-02-08 06:00:00,11.210072924955977,56.950459152988785,X,0
2024-02-08 07:00:00,11.550328310957,75.74377417057264,Y,1
2024-02-08 08:00:00,10.23614369348094,49.614981637034745,X,1
2024-02-08 09:00:00,12.517149923295825,41.16818906617318,Y,0
2024-02-08 10:00:00,18.947632481905316,48.67385346182794,Y,0
2024-02-08 11:00:00,10.582459372088795,62.45927327198678,X,0
2024-02-08 12:00:00,13.879147695534353,49.70784649383904,X,1
2024-02-08 13:00:00,14.958591600381801,37.55244470218748,X,1
2024-02-08 14:00:00,13.619572285456032,57.09007164780735,X,0
2024-02-08 15:00:00,13.134857937424554,60.93265154446293,Y,0
2024-02-08 16:00:00,17.782086397805507,28.820413117857818,X,0
2024-02-08 17:00:00,11.825554361833621,55.54603213778553,X,0
2024-02-08 18:00:00,13.346529906702004,53.73804500701193,Y,0
2024-02-08 19:00:00,12.728238610240755,40.55247602813541,Y,0
2024-02-08 20:00:00,13.169721531539892,56.57906346655569,Y,1
2024-02-08 21:00:00,11.970711118682472,66.90727157379771,Y,1
2024-02-08 22:00:00,11.22194208423744,51.979580733887246,Y,1
2024-02-08 23:00:00,12.312002907466645,54.631319138362436,Y,0
2024-02-09 00:00:00,10.604422705591453,51.6805519074751,X,0
2024-02-09 01:00:00,12.142835111418659,51.43373481175492,X,1
2024-02-09 02:00:00,15.070561601607215,28.97427430434639,X,0
2024-02-09 03:00:00,17.04101380660117,34.65481412018886,X,0
2024-02-09 04:00:00,16.39405832199172,55.422009876544756,X,1
2024-02-09 05:00:00,11.562100240670542,50.21137383803465,X,0
2024-02-09 06:00:00,9.967423212688708,46.08657260317328,Y,0
2024-02-09 07:00:00,14.130165477829635,61.754220486327704,X,1
2024-02-09 08:00:00,12.957905288423664,48.37587136638737,X,1
2024-02-09 09:00:00,14.25246748824459,46.703240099249044,Y,1
2024-02-09 10:00:00,15.276135623308068,43.30100086449491,Y,0
2024-02-09 11:00:00,15.863563459310495,57.95753861683279,X,0
2024-02-09 12:00:00,17.366157743189646,29.34539976249745,Y,1
2024-02-09 13:00:00,12.38285359161842,66.47952189709815,Y,0
2024-02-09 14:00:00,13.949141527573442,57.916568619310695,X,1
2024-02-09 15:00:00,15.06147135084555,50.26047949725217,Y,0
2024-02-09 16:00:00,15.49979983279428,51.19804038949892,Y,0
2024-02-09 17:00:00,11.954575609144266,54.003349452088216,X,0
2024-02-09 18:00:00,14.93283483259492,44.67158741112439,X,0
2024-02-09 19:00:00,13.42249089429707,55.515228283280344,Y,0
2024-02-09 20:00:00,16.600098194889167,49.56715016442264,Y,0
2024-02-09 21:00:00,14.333707017444926,58.360216198318234,X,1
2024-02-09 22:00:00,9.850229584743133,38.980920371980034,X,1
2024-02-09 23:00:00,12.773669874761868,68.39239612614284,X,1
2024-02-10 00:00:00,11.786365068053968,41.60721280326548,Y,1
2024-02-10 01:00:00,16.51691014340699,40.967387204771846,Y,0
2024-02-10 02:00:00,12.02969384543645,39.639844254566086,Y,0
2024-02-10 03:00:00,12.682565021668852,53.584184300730975,X,1
2024-02-10 04:00:00,12.40361295447425,66.11327815293458,Y,0
2024-02-10 05:00:00,13.190587576148808,38.77128591146119,X,0
2024-02-10 06:00:00,15.243714746328472,49.942637038353524,X,1
2024-02-10 07:00:00,13.592106166444147,56.78597507144512,X,1
2024-02-10 08:00:00,14.913521911318355,57.35514136964862,X,1
2024-02-10 09:00:00,16.865076263414295,38.83670168067645,Y,0
2024-02-10 10:00:00,14.69149431808773,45.7850208407846,X,0
2024-02-10 11:00:00,14.565552224568195,41.88809015484709,X,1
2024-02-10 12:00:00,16.46181498301754,55.13351620680466,X,1
2024-02-10 13:00:00,14.207299983923669,55.59604996146558,Y,1
2024-02-10 14:00:00,16.80685184935592,62.37207327701717,X,0
2024-02-10 15:00:00,11.987400472589332,49.70232509291601,X,0
2024-02-10 16:00:00,15.771051418598917,56.41676658403062,X,1
2024-02-10 17:00:00,12.062621917642655,59.61383652615137,Y,1
2024-02-10 18:00:00,13.660200198807539,50.214268500290345,Y,1
2024-02-10 19:00:00,17.271363532704456,47.377096610122095,Y,1
2024-02-10 20:00:00,14.570517974715479,41.08409234009787,Y,0
2024-02-10 21:00:00,18.09111273404951,39.5291461554892,X,1
2024-02-10 22:00:00,13.67787081881973,57.256572920466965,X,0
2024-02-10 23:00:00,13.382113496569861,58.8191411240776,X,0
2024-02-11 00:00:00,9.524933624173553,47.542592249855055,X,0
2024-02-11 01:00:00,12.584438208590916,43.24201381421652,X,1
2024-02-11 02:00:00,13.245081066776834,62.73296169069449,X,1
2024-02-11 03:00:00,11.794449881377428,33.5775909407447,Y,1
2024-02-11 04:00:00,12.279008206343956,51.134257695925776,Y,1
2024-02-11 05:00:00,15.408043246407136,42.304840203067826,Y,0
2024-02-11 06:00:00,17.769780184998588,40.19417782430126,X,0
2024-02-11 07:00:00,14.700644116314367,61.7108350361865,X,1
2024-02-11 08:00:00,13.43603971680789,39.775609858467476,X,0
2024-02-11 09:00:00,15.006898547937327,56.32380168803068,X,1
2024-02-11 10:00:00,15.722942458122322,49.41200690003315,Y,0
2024-02-11 11:00:00,12.888491809819897,40.37871333753293,X,1
2024-02-11 12:00:00,17.02257461937768,58.86599060326892,Y,1
2024-02-11 13:00:00,16.229267070873398,62.65037738543639,X,1
2024-02-11 14:00:00,14.806779162756342,69.71521211647958,Y,0
2024-02-11 15:00:00,17.042555244082738,28.054911969553032,X,0
